{"_runtime":24.0970604,"_step":0,"val_loss":2.3026720331446757,"_timestamp":1.7414532653339777e+09,"_wandb":{"runtime":24}}