{"_step":9,"accuracy":0.8025,"val_loss":NaN,"_runtime":105.3349072,"epoch":10,"loss":NaN,"_wandb":{"runtime":105},"_timestamp":1.7415113373186681e+09,"val_accuracy":0.7968333333333333}