{"loss":2.2529745407476964,"epoch":10,"val_loss":2.252570300129533,"val_accuracy":0.1045,"_timestamp":1.7415081748346736e+09,"_wandb":{"runtime":78},"_runtime":78.0125476,"_step":9,"accuracy":0.0995}