{"val_accuracy":0.8545,"accuracy":0.8762962962962964,"_step":9,"val_loss":1.1928169926148433,"loss":0.9003082321222976,"_wandb":{"runtime":75},"epoch":10,"_runtime":75.3328281,"_timestamp":1.7415908379373856e+09}