{"_wandb":{"runtime":69},"val_loss":0.9127446002812176,"_timestamp":1.7414545219385118e+09,"_runtime":69.1005939,"_step":0}