{"_timestamp":1.7415910889209967e+09,"_wandb":{"runtime":81},"accuracy":0.8673703703703703,"val_accuracy":0.8581666666666666,"_step":9,"epoch":10,"loss":0.6563632920130721,"_runtime":81.1530796,"val_loss":0.7543584525393914}