{"_wandb":{"runtime":35},"_step":4,"val_accuracy":0.1045,"epoch":5,"_timestamp":1.7415056149458098e+09,"_runtime":35.9647966,"accuracy":0.0995,"loss":2.115113320389022,"val_loss":2.1150276387407945}