{"val_loss":1.0119687329146274,"_timestamp":1.741590627595683e+09,"epoch":10,"_wandb":{"runtime":50},"loss":0.9438570966570563,"val_accuracy":0.8276666666666667,"_runtime":50.9158373,"_step":9,"accuracy":0.8346851851851852}