{"val_loss":1.9761857284144828,"_wandb":{"runtime":38},"_timestamp":1.7414554825012648e+09,"_runtime":38.8509069,"_step":0}