{"val_loss":0.8996084711626824,"accuracy":0.8484074074074074,"_timestamp":1.7415814991161876e+09,"epoch":5,"loss":0.8748900729521731,"_step":4,"val_accuracy":0.842,"_wandb":{"runtime":97},"_runtime":97.9223608}