{"accuracy":0.10018518518518518,"_runtime":36.0868431,"val_loss":2.313341953056942,"loss":2.3129458678848174,"val_accuracy":0.09833333333333333,"_wandb":{"runtime":36},"_step":9,"_timestamp":1.741504191083527e+09,"epoch":10}