{"val_accuracy":0.09166666666666666,"_runtime":26.3889423,"loss":2.8638992840277364,"_timestamp":1.741539981985484e+09,"epoch":5,"_wandb":{"runtime":26},"_step":4,"accuracy":0.10092592592592593,"val_loss":2.8640592053768232}