{"_step":0,"_wandb":{"runtime":8},"val_loss":2.30262755359444,"_timestamp":1.7414526090831258e+09,"_runtime":8.90434}