{"_step":0,"val_loss":2.3025853859493446,"_wandb":{"runtime":25},"_timestamp":1.7413420260229323e+09,"_runtime":25.0698766}