{"_runtime":36.3017113,"_step":0,"_wandb":{"runtime":36},"val_loss":0.42338761282021453,"_timestamp":1.741454639674039e+09}