{"epoch":10,"loss":0.5772133371700293,"accuracy":0.8386296296296296,"val_loss":0.596193387778162,"_step":9,"val_accuracy":0.8371666666666666,"_timestamp":1.7415420108964422e+09,"_wandb":{"runtime":92},"_runtime":92.6743654}