{"_runtime":76.8036968,"val_loss":0.5696281733389954,"_step":9,"epoch":10,"loss":0.5771072409997667,"_timestamp":1.741588533153529e+09,"val_accuracy":0.851,"accuracy":0.8634074074074074,"_wandb":{"runtime":76}}