{"_runtime":51.3628866,"_step":0,"_wandb":{"runtime":51},"val_loss":0.3699320327106181,"_timestamp":1.7413434608044295e+09}