{"val_loss":2.302607370132484,"_timestamp":1.7413428914678962e+09,"_runtime":29.3501742,"_step":0,"_wandb":{"runtime":29}}