{"val_loss":0.34377052546345854,"_timestamp":1.7414550497763546e+09,"_wandb":{"runtime":23},"_runtime":23.0266529,"_step":0}