{"accuracy":0.7978888888888889,"_wandb":{"runtime":106},"epoch":10,"_timestamp":1.741541912509553e+09,"val_loss":0.6283460033899967,"_runtime":106.9174593,"loss":0.6285373487868166,"val_accuracy":0.7885,"_step":9}