{"_runtime":61.4443729,"val_loss":0.5315817380650909,"accuracy":0.8869444444444444,"_timestamp":1.7415870099979246e+09,"_wandb":{"runtime":61},"val_accuracy":0.8723333333333333,"loss":0.44244823576902537,"_step":9,"epoch":10}