{"_runtime":35.9915455,"epoch":10,"_wandb":{"runtime":36},"accuracy":0.8914444444444445,"val_loss":0.8843615901762335,"loss":0.6656190831718956,"_step":9,"_timestamp":1.7415969506526368e+09,"val_accuracy":0.8715}