{"_wandb":{"runtime":23},"val_loss":2.303805359629549,"accuracy":0.09961111111111111,"_timestamp":1.7415064295188904e+09,"loss":2.3040080834972643,"epoch":5,"_step":4,"val_accuracy":0.1035,"_runtime":23.8113682}