{"val_loss":2.3025849494859587,"_timestamp":1.741342233569575e+09,"_runtime":41.805111600000004,"_step":0,"_wandb":{"runtime":41}}