{"val_accuracy":0.8788333333333334,"accuracy":0.9009814814814815,"_wandb":{"runtime":69},"epoch":10,"_timestamp":1.7415898834569123e+09,"val_loss":0.5201262217423476,"loss":0.3898987744840249,"_step":9,"_runtime":69.209691}