{"_runtime":77.437613,"_wandb":{"runtime":77},"val_accuracy":0.6276666666666667,"loss":1.6974411112823038,"epoch":5,"_timestamp":1.741540980191839e+09,"val_loss":1.7106580648440204,"accuracy":0.6301481481481481,"_step":4}