{"_runtime":66.2253434,"val_accuracy":0.836,"accuracy":0.8462962962962963,"epoch":10,"loss":0.6733407271217502,"_step":9,"_wandb":{"runtime":66},"_timestamp":1.7415898053539128e+09,"val_loss":0.7252583512371621}