{"val_loss":0.4128721826257294,"_timestamp":1.7414562479762838e+09,"_runtime":36.9350076,"_wandb":{"runtime":36},"_step":0}