{"_timestamp":1.7415426386834397e+09,"epoch":5,"loss":1.5794319307725255,"_wandb":{"runtime":25},"val_loss":1.5780986198300497,"accuracy":0.09964814814814815,"_step":4,"_runtime":25.1705597,"val_accuracy":0.10316666666666667}