{"_timestamp":1.7414536576884162e+09,"_runtime":56.5841257,"_step":0,"_wandb":{"runtime":56},"val_loss":2.3026579020751035}