{"_runtime":4079.0576612,"_step":9,"val_loss":1.0422873455115784,"val_accuracy":0.8686666666666667,"loss":0.8101808500080278,"_wandb":{"runtime":4079},"_timestamp":1.7415953210666695e+09,"accuracy":0.8820740740740741,"epoch":10}