{"val_accuracy":0.09166666666666666,"epoch":5,"val_loss":2.0751160606648473,"loss":2.074999333738656,"accuracy":0.10092592592592593,"_timestamp":1.7415390446730478e+09,"_runtime":57.2239831,"_wandb":{"runtime":57},"_step":4}