{"_runtime":14.1762019,"_wandb":{"runtime":14},"_step":0,"val_loss":2.302739158217277,"_timestamp":1.741455595734877e+09}