{"_wandb":{"runtime":53},"_timestamp":1.7414553791725857e+09,"_runtime":53.2105222,"_step":0,"val_loss":2.302625708047501}