{"_wandb":{"runtime":52},"val_loss":0.7960720311385859,"_timestamp":1.741454403446247e+09,"_runtime":52.4510844,"_step":0}