{"val_accuracy":0.8533333333333334,"accuracy":0.864462962962963,"_wandb":{"runtime":38},"_runtime":38.9896943,"val_loss":0.5509646425209681,"_timestamp":1.7415892032273324e+09,"_step":9,"epoch":10,"loss":0.5102787011830352}