{"epoch":10,"loss":0.8305312905671934,"accuracy":0.8775925925925926,"_wandb":{"runtime":51},"_timestamp":1.7415905682043643e+09,"_runtime":51.1313586,"val_accuracy":0.8598333333333333,"_step":9,"val_loss":1.0660258183480442}