{"accuracy":0.10018518518518518,"_timestamp":1.7415108224009066e+09,"_runtime":35.4162508,"loss":2.267597027712496,"val_accuracy":0.09833333333333333,"epoch":5,"_wandb":{"runtime":35},"val_loss":2.27025388401212,"_step":4}