{"accuracy":0.10092592592592593,"_timestamp":1.7415399281750886e+09,"epoch":5,"val_loss":2.301988134513833,"val_accuracy":0.09166666666666666,"_runtime":37.3188209,"_step":4,"_wandb":{"runtime":37},"loss":2.3018141613298835}