{"loss":2.5029361366952916,"_step":4,"val_loss":2.5030950471399716,"accuracy":0.10092592592592593,"val_accuracy":0.09166666666666666,"epoch":5,"_timestamp":1.74150484052375e+09,"_wandb":{"runtime":65},"_runtime":65.0977808}