{"val_accuracy":0.8571666666666666,"_wandb":{"runtime":92},"val_loss":0.5306955218783457,"epoch":10,"_timestamp":1.7415408950616786e+09,"_runtime":92.9042241,"accuracy":0.8660925925925926,"_step":9,"loss":0.471710406782361}