{"val_loss":2.2495970097791305,"_runtime":29.4745659,"loss":2.2493215426570754,"_timestamp":1.7415029318612242e+09,"_wandb":{"runtime":29},"epoch":5,"accuracy":0.10092592592592593,"val_accuracy":0.09166666666666666,"_step":4}