{"loss":2.532560857269714,"_step":4,"epoch":5,"val_loss":2.5331263699636084,"val_accuracy":0.14183333333333334,"_wandb":{"runtime":41},"_timestamp":1.7415402703154783e+09,"_runtime":41.6375198,"accuracy":0.15346296296296297}