{"loss":0.7554805768539145,"accuracy":0.7886666666666666,"_step":4,"_timestamp":1.741581137933031e+09,"val_accuracy":0.787,"_runtime":37401.7537172,"epoch":5,"val_loss":0.7101071058081643,"_wandb":{"runtime":37401}}