{"loss":0.7073833592195371,"_wandb":{"runtime":33},"epoch":10,"_timestamp":1.7415965532876403e+09,"_runtime":33.7116451,"val_loss":0.9940731800454897,"val_accuracy":0.8771666666666667,"_step":9,"accuracy":0.8945740740740741}