{"val_loss":NaN,"_wandb":{"runtime":30},"_step":9,"accuracy":0.4646296296296296,"val_accuracy":0.4678333333333333,"_timestamp":1.7415032230021813e+09,"_runtime":30.8205113,"epoch":10,"loss":NaN}