{"val_loss":0.38960459706427664,"_timestamp":1.7414558138466434e+09,"_runtime":66.1026062,"_step":0,"_wandb":{"runtime":66}}