{"val_loss":2.3026213262444037,"_timestamp":1.7414541063492725e+09,"_runtime":11.1107963,"_step":0,"_wandb":{"runtime":11}}