{"val_loss":0.7431644169407653,"val_accuracy":0.8826666666666667,"_runtime":33.9668012,"loss":0.549062035185351,"epoch":10,"_step":9,"accuracy":0.8966851851851851,"_wandb":{"runtime":33},"_timestamp":1.7415968611140704e+09}