{"_runtime":23.9617449,"_step":0,"_wandb":{"runtime":23},"val_loss":2.302666556690103,"_timestamp":1.741342849526601e+09}