{"loss":2.3026333108558674,"_wandb":{"runtime":45},"_timestamp":1.7415052079679163e+09,"_step":9,"epoch":10,"val_accuracy":0.09166666666666666,"_runtime":45.2197623,"accuracy":0.10092592592592593,"val_loss":2.302797977919743}