{"_wandb":{"runtime":120},"_timestamp":1.741342152650699e+09,"_runtime":120.1469986,"_step":0,"val_loss":2.3025692530991955}