{"_step":0,"_wandb":{"runtime":20},"val_loss":2.3025965161221005,"_timestamp":1.7413416952561162e+09,"_runtime":20.9568658}