{"_wandb":{"runtime":66},"epoch":10,"_step":9,"_timestamp":1.7415897296872103e+09,"val_accuracy":0.8766666666666667,"val_loss":0.5199348222489344,"accuracy":0.8982037037037037,"_runtime":66.0972359,"loss":0.3794753592158085}