{"val_loss":2.3027000634011814,"_timestamp":1.7414544465959787e+09,"_runtime":36.0620608,"_wandb":{"runtime":36},"_step":0}