{"val_loss":0.7561607331204506,"accuracy":0.860462962962963,"epoch":10,"_runtime":44.4598759,"_wandb":{"runtime":44},"loss":0.6796704549335499,"_step":9,"val_accuracy":0.8523333333333334,"_timestamp":1.7415964270214934e+09}