{"epoch":10,"loss":0.5281822868310169,"accuracy":0.8927222222222222,"val_loss":0.7271014761059342,"_wandb":{"runtime":32},"_runtime":32.250445,"val_accuracy":0.8688333333333333,"_timestamp":1.7415964732266235e+09,"_step":9}