{"_wandb":{"runtime":66},"accuracy":0.8789074074074074,"_step":9,"_timestamp":1.7415959112706323e+09,"loss":0.8003300429903066,"val_accuracy":0.8616666666666667,"_runtime":66.2135007,"epoch":10,"val_loss":1.0266346409320208}