{"_runtime":20.1659698,"_step":0,"_wandb":{"runtime":20},"val_loss":2.3026533880168634,"_timestamp":1.7413425169475634e+09}