{"val_loss":NaN,"loss":NaN,"val_accuracy":0.8511666666666666,"_runtime":48.7759039,"epoch":5,"accuracy":0.8574259259259259,"_timestamp":1.7415052693246949e+09,"_step":4,"_wandb":{"runtime":48}}