{"val_loss":1.2352316402772432,"val_accuracy":0.46016666666666667,"epoch":10,"loss":1.193504851100284,"accuracy":0.47255555555555556,"_wandb":{"runtime":44},"_timestamp":1.741504472700032e+09,"_step":9,"_runtime":44.0119242}