{"_wandb":{"runtime":13},"_timestamp":1.7413433970352674e+09,"_runtime":13.5328749,"_step":0,"val_loss":2.302583373449821}