{"val_accuracy":0.10316666666666667,"loss":2.302628237321827,"_runtime":22.2301361,"epoch":5,"_wandb":{"runtime":22},"_step":4,"val_loss":2.3025854245628694,"accuracy":0.09964814814814815,"_timestamp":1.7415061928206825e+09}