{"val_loss":2.3029363567832,"accuracy":0.0997962962962963,"val_accuracy":0.10183333333333333,"epoch":5,"_runtime":35.3896826,"_timestamp":1.7415405263245275e+09,"_wandb":{"runtime":35},"_step":4,"loss":2.302907343263547}