{"val_loss":2.3025835483198396,"_timestamp":1.7413419938826134e+09,"_wandb":{"runtime":43},"_runtime":43.5494282,"_step":0}