{"_runtime":21.260876,"_step":0,"_wandb":{"runtime":21},"val_loss":2.3026303611501633,"_timestamp":1.7414539819924004e+09}