{"_step":0,"_wandb":{"runtime":33},"val_loss":0.3844977791867238,"_timestamp":1.741343165903627e+09,"_runtime":33.2750076}