{"loss":0.6629982722901954,"accuracy":0.8902777777777777,"_timestamp":1.7415971736395023e+09,"_runtime":54.4724689,"_wandb":{"runtime":54},"epoch":10,"_step":9,"val_loss":0.9133943916139213,"val_accuracy":0.8703333333333333}