{"accuracy":0.10092592592592593,"_wandb":{"runtime":44},"val_accuracy":0.09166666666666666,"_timestamp":1.7415078355031195e+09,"_runtime":44.6985066,"val_loss":2.30256016969983,"_step":4,"loss":2.302139887040157,"epoch":5}