{"_runtime":45.7291349,"val_loss":0.9234553106986905,"val_accuracy":0.8813333333333333,"_step":9,"loss":0.7175466219580806,"_wandb":{"runtime":45},"epoch":10,"accuracy":0.8992037037037037,"_timestamp":1.7415966507525623e+09}