{"val_loss":2.3025844750830218,"_timestamp":1.741342186402e+09,"_runtime":26.8020123,"_step":0,"_wandb":{"runtime":26}}