{"_timestamp":1.741511640086545e+09,"_wandb":{"runtime":34},"accuracy":0.10092592592592593,"_runtime":34.3038329,"val_loss":2.104070538517168,"val_accuracy":0.09166666666666666,"loss":2.104004122721224,"_step":9,"epoch":10}