{"_wandb":{"runtime":17},"_timestamp":1.7413436200257037e+09,"_runtime":17.7738523,"_step":0,"val_loss":2.302629445571868}