{"_step":9,"val_accuracy":0.8573333333333333,"_timestamp":1.7415906895767279e+09,"accuracy":0.8778148148148148,"_wandb":{"runtime":54},"_runtime":53.9946284,"epoch":10,"loss":0.7977141429566426,"val_loss":1.0157900600699181}