{"_wandb":{"runtime":14},"val_loss":0.5439324033835579,"_timestamp":1.7413435942961185e+09,"_runtime":14.1230973,"_step":0}