{"_timestamp":1.741504303268573e+09,"accuracy":0.10024074074074074,"val_loss":2.3050419437145786,"_step":4,"val_accuracy":0.09783333333333333,"_runtime":105.3058328,"_wandb":{"runtime":105},"epoch":5,"loss":2.305182534612462}