{"_runtime":39.6968479,"_step":0,"val_loss":0.6916435991308446,"_timestamp":1.7414553128019605e+09,"_wandb":{"runtime":39}}