{"_wandb":{"runtime":25},"accuracy":0.4483888888888889,"_runtime":25.8888455,"val_loss":NaN,"loss":NaN,"epoch":10,"_step":9,"_timestamp":1.7415061105767665e+09,"val_accuracy":0.44266666666666665}