{"epoch":10,"_runtime":152.1743019,"loss":2.3022365240077245,"_timestamp":1.7415826351592667e+09,"val_accuracy":0.09166666666666666,"accuracy":0.10092592592592593,"val_loss":2.302446653757859,"_step":9,"_wandb":{"runtime":152}}