{"_step":0,"val_loss":2.302715927311068,"_timestamp":1.7413432254205058e+09,"_wandb":{"runtime":12},"_runtime":12.7359511}