{"_wandb":{"runtime":22},"val_loss":2.3025866638957795,"_timestamp":1.7413429171128793e+09,"_runtime":22.2764695,"_step":0}