{"_runtime":35.6559125,"_step":0,"_wandb":{"runtime":35},"val_loss":2.3026696137874065,"_timestamp":1.7414530542954648e+09}