{"_wandb":{"runtime":21},"val_loss":0.47748401131333473,"_timestamp":1.7414551128427038e+09,"_runtime":21.9506905,"_step":0}