{"_runtime":41.9856309,"accuracy":0.8908703703703704,"epoch":10,"loss":0.4192016181423583,"val_loss":0.49163802700043696,"val_accuracy":0.8736666666666667,"_step":9,"_timestamp":1.7415895093371937e+09,"_wandb":{"runtime":41}}