{"_timestamp":1.7415824481616306e+09,"val_accuracy":0.856,"loss":0.6010337362983953,"_runtime":66.5498242,"_wandb":{"runtime":66},"epoch":5,"val_loss":0.6597100337309991,"_step":4,"accuracy":0.8649074074074075}