{"epoch":5,"loss":2.082303235229245,"val_accuracy":0.1045,"val_loss":2.0823126126856337,"_timestamp":1.7415392593487096e+09,"_runtime":43.2494419,"_wandb":{"runtime":43},"accuracy":0.0995,"_step":4}