{"val_loss":0.7925442186286579,"_timestamp":1.7414537058465354e+09,"_runtime":40.6513553,"_step":0,"_wandb":{"runtime":40}}