{"accuracy":0.09961111111111111,"_step":9,"_wandb":{"runtime":45},"epoch":10,"_runtime":45.2479567,"loss":2.3135178995743706,"_timestamp":1.7415061627870715e+09,"val_loss":2.3136314202156645,"val_accuracy":0.1035}