{"epoch":10,"accuracy":0.7743333333333333,"val_loss":NaN,"val_accuracy":0.7651666666666667,"_wandb":{"runtime":32},"_timestamp":1.7415387545618148e+09,"loss":NaN,"_runtime":32.6342661,"_step":9}