{"val_loss":2.255554515315728,"val_accuracy":0.09166666666666666,"_timestamp":1.741583181997466e+09,"loss":2.2554356842183374,"epoch":5,"accuracy":0.10092592592592593,"_runtime":43.0987872,"_wandb":{"runtime":43},"_step":4}