{"val_loss":2.302679495469411,"_timestamp":1.7414532010696676e+09,"_runtime":33.9208227,"_step":0,"_wandb":{"runtime":33}}