{"_runtime":239.2995707,"_step":9,"_wandb":{"runtime":239},"loss":2.3388979232072393,"val_loss":2.339041376013363,"accuracy":0.10092592592592593,"_timestamp":1.741543377607384e+09,"val_accuracy":0.09166666666666666,"epoch":10}