{"_wandb":{"runtime":44},"val_loss":2.302665840119741,"_timestamp":1.7413430789544792e+09,"_runtime":44.1428605,"_step":0}