{"_wandb":{"runtime":14},"val_loss":2.3026072467694934,"_timestamp":1.7414530123078487e+09,"_runtime":14.5523183,"_step":0}