{"epoch":5,"accuracy":0.6854629629629629,"val_accuracy":0.6758333333333333,"_wandb":{"runtime":42},"_timestamp":1.7415828814933012e+09,"_runtime":42.941278,"loss":1.082124766451541,"val_loss":1.0424385815127941,"_step":4}