{"epoch":5,"val_accuracy":0.09166666666666666,"accuracy":0.10092592592592593,"_timestamp":1.7415819770635152e+09,"loss":2.035752442638721,"_step":4,"val_loss":2.036171922831633,"_runtime":50.7323065,"_wandb":{"runtime":50}}