{"_wandb":{"runtime":9},"_runtime":9.1000145,"_step":0,"val_loss":2.302585097313017,"_timestamp":1.7413436757370393e+09}