{"_step":0,"_wandb":{"runtime":14},"val_loss":2.3025851200090894,"_timestamp":1.7413435730503788e+09,"_runtime":14.9475821}