{"_runtime":32.8579785,"val_accuracy":0.8646666666666667,"loss":0.7744989732537785,"val_loss":1.0228783309071288,"_step":9,"epoch":10,"accuracy":0.8843518518518518,"_timestamp":1.741596292860363e+09,"_wandb":{"runtime":32}}