{"accuracy":0.10024074074074074,"_wandb":{"runtime":101},"val_loss":2.334486690516339,"_timestamp":1.741503045227395e+09,"_runtime":101.02351,"_step":9,"loss":2.334315501712172,"val_accuracy":0.09783333333333333,"epoch":10}