{"_step":0,"_wandb":{"runtime":31},"val_loss":2.3025850983963414,"_timestamp":1.7413417322974858e+09,"_runtime":31.6729123}