{"val_loss":2.302988590560484,"loss":2.302686728688247,"_timestamp":1.7415085843713207e+09,"val_accuracy":0.09783333333333333,"accuracy":0.10024074074074074,"_wandb":{"runtime":32},"epoch":5,"_runtime":32.1627456,"_step":4}