{"epoch":10,"loss":0.816043819458735,"_timestamp":1.7415956923665981e+09,"val_accuracy":0.8541666666666666,"_runtime":39.4522747,"val_loss":0.9570956036820689,"accuracy":0.8678888888888889,"_wandb":{"runtime":39},"_step":9}