{"accuracy":0.8776481481481482,"val_loss":0.6033654007362114,"loss":0.5051604978987337,"_timestamp":1.7415967109301462e+09,"_runtime":46.4171371,"epoch":10,"_step":9,"val_accuracy":0.8661666666666666,"_wandb":{"runtime":46}}