{"_runtime":22.2564031,"_step":0,"val_loss":2.302721239722644,"_wandb":{"runtime":22},"_timestamp":1.741456206123682e+09}