{"_step":4,"epoch":5,"_wandb":{"runtime":26},"val_accuracy":0.18216666666666667,"_timestamp":1.7415815865430515e+09,"val_loss":2.2976333274050487,"loss":2.2975570514649686,"_runtime":26.0886277,"accuracy":0.18507407407407409}