{"_runtime":10.3869051,"_step":0,"_wandb":{"runtime":10},"val_loss":2.302590914654521,"_timestamp":1.7414530710241046e+09}