{"val_loss":0.97039277953037,"_wandb":{"runtime":47},"_timestamp":1.7414526645592415e+09,"_runtime":47.9750842,"_step":0}