{"val_loss":0.45922705895945715,"_wandb":{"runtime":46},"_timestamp":1.7415900676168888e+09,"val_accuracy":0.8515,"_step":9,"epoch":10,"loss":0.45402994256835,"_runtime":46.8195916,"accuracy":0.8654814814814815}