{"_wandb":{"runtime":110},"val_loss":2.302645761017847,"_timestamp":1.7413433768380804e+09,"_runtime":110.3827849,"_step":0}