{"_timestamp":1.7413424914539864e+09,"_runtime":11.36647,"_step":0,"_wandb":{"runtime":11},"val_loss":2.3025852587137967}