{"_runtime":38.7052184,"loss":0.4715473960547495,"val_accuracy":0.8691666666666666,"accuracy":0.8832222222222222,"_step":9,"epoch":10,"_timestamp":1.7415891506999354e+09,"_wandb":{"runtime":38},"val_loss":0.5761569071047775}