{"val_loss":2.302701286443092,"_timestamp":1.7414552653277156e+09,"_runtime":18.5920601,"_step":0,"_wandb":{"runtime":18}}