{"loss":1.332786101961817,"accuracy":0.10092592592592593,"_timestamp":1.741583315829436e+09,"_step":4,"_runtime":11.9131407,"val_accuracy":0.09166666666666666,"_wandb":{"runtime":11},"epoch":5,"val_loss":1.3329389369909985}