{"val_loss":0.4747915568653671,"_step":9,"_timestamp":1.7415903380348191e+09,"_wandb":{"runtime":74},"_runtime":74.3678644,"val_accuracy":0.868,"accuracy":0.8782222222222222,"loss":0.42359041597244396,"epoch":10}