{"_wandb":{"runtime":22},"accuracy":0.10018518518518518,"_runtime":21.9972838,"_step":4,"loss":1.7379925302442034,"_timestamp":1.7415437313027704e+09,"epoch":5,"val_loss":1.737981129164123,"val_accuracy":0.09833333333333333}