{"val_loss":2.3027091771830857,"_timestamp":1.7414529343644395e+09,"_runtime":21.5802258,"_step":0,"_wandb":{"runtime":21}}