{"val_loss":2.3025964236369436,"_timestamp":1.7413424360256577e+09,"_runtime":48.0141295,"_step":0,"_wandb":{"runtime":48}}