{"val_accuracy":0.569,"_wandb":{"runtime":26},"epoch":5,"loss":NaN,"_timestamp":1.7415033736575017e+09,"accuracy":0.5644259259259259,"_step":4,"_runtime":26.7684552,"val_loss":NaN}