{"loss":NaN,"_timestamp":1.7415040523977413e+09,"val_accuracy":0.8536666666666667,"epoch":10,"_runtime":127.1997622,"accuracy":0.8632777777777778,"val_loss":NaN,"_step":9,"_wandb":{"runtime":127}}