{"val_loss":2.302580157233743,"_timestamp":1.741455509890029e+09,"_runtime":19.1290445,"_step":0,"_wandb":{"runtime":19}}