{"epoch":10,"_step":9,"_timestamp":1.7415407947225976e+09,"loss":2.3026230885454755,"val_accuracy":0.09783333333333333,"val_loss":2.3027031882744557,"_wandb":{"runtime":110},"accuracy":0.10024074074074074,"_runtime":110.7062613}