{"val_loss":2.302279400698999,"_timestamp":1.7415422651486645e+09,"_step":9,"epoch":10,"loss":2.3021084452341722,"val_accuracy":0.09833333333333333,"accuracy":0.10018518518518518,"_runtime":74.1457375,"_wandb":{"runtime":74}}