{"_timestamp":1.741341937854519e+09,"_runtime":50.9789788,"_step":0,"_wandb":{"runtime":50},"val_loss":0.6168384764902397}