{"val_accuracy":0.09166666666666666,"accuracy":0.10092592592592593,"_timestamp":1.7415068558922954e+09,"_wandb":{"runtime":59},"_runtime":59.50275,"epoch":10,"val_loss":2.300639315872554,"loss":2.3004942073455545,"_step":9}