{"_wandb":{"runtime":51},"val_accuracy":0.09166666666666666,"loss":2.276653468541959,"val_loss":2.276803863678778,"_timestamp":1.7415060184327586e+09,"accuracy":0.10092592592592593,"epoch":10,"_runtime":51.544397000000004,"_step":9}