{"_timestamp":1.7415877920263727e+09,"val_loss":0.4929696961533195,"accuracy":0.8718333333333333,"_wandb":{"runtime":67},"epoch":10,"_runtime":67.6705331,"val_accuracy":0.8633333333333333,"loss":0.46494042532793844,"_step":9}