{"loss":2.317766355380155,"epoch":5,"_wandb":{"runtime":17},"val_loss":2.3179148324052607,"accuracy":0.10018518518518518,"_runtime":17.1288557,"_step":4,"val_accuracy":0.09833333333333333,"_timestamp":1.7415077336203132e+09}