{"_runtime":24.2467623,"_wandb":{"runtime":24},"_step":0,"val_loss":0.3822247615426294,"_timestamp":1.7414532336223977e+09}