{"val_loss":0.8128830971011775,"_wandb":{"runtime":64},"_timestamp":1.74158722243531e+09,"_runtime":64.0519067,"epoch":10,"_step":9,"loss":0.7634351688680593,"val_accuracy":0.8363333333333334,"accuracy":0.8497962962962963}