{"_wandb":{"runtime":48},"val_accuracy":0.09833333333333333,"accuracy":0.10018518518518518,"_timestamp":1.7415418018283973e+09,"epoch":5,"val_loss":2.3656847065323805,"_runtime":48.8126304,"loss":2.366096532920472,"_step":4}