{"_wandb":{"runtime":139},"val_accuracy":0.7215,"_runtime":139.9344189,"_timestamp":1.741511049112362e+09,"accuracy":0.7342407407407407,"_step":9,"epoch":10,"val_loss":NaN,"loss":NaN}