{"epoch":10,"val_loss":0.6525206209265424,"val_accuracy":0.8141666666666667,"loss":0.6314894584456066,"_timestamp":1.7415865653996022e+09,"_runtime":61.2401083,"_wandb":{"runtime":61},"accuracy":0.8237592592592593,"_step":9}