{"_step":9,"val_accuracy":0.09833333333333333,"_timestamp":1.7415054538374817e+09,"val_loss":2.31517939697702,"_wandb":{"runtime":140},"accuracy":0.10018518518518518,"loss":2.315046924728364,"_runtime":140.962193,"epoch":10}