{"_wandb":{"runtime":13},"val_loss":2.302634104066613,"_timestamp":1.7414545955125432e+09,"_runtime":13.8801218,"_step":0}