{"val_accuracy":0.09833333333333333,"_wandb":{"runtime":81},"_timestamp":1.7415403582068603e+09,"val_loss":2.302508230521183,"accuracy":0.10018518518518518,"loss":2.302253336517484,"_runtime":81.1796576,"_step":9,"epoch":10}