{"val_loss":0.6689107814817941,"accuracy":0.8671666666666666,"_step":9,"val_accuracy":0.859,"_runtime":57.5652946,"loss":0.6226965852906062,"_timestamp":1.741591229032605e+09,"_wandb":{"runtime":57},"epoch":10}