{"_timestamp":1.7415391402976174e+09,"loss":1.3228367347697356,"_wandb":{"runtime":88},"accuracy":0.4637777777777778,"val_loss":1.3303914609951888,"_step":9,"epoch":10,"val_accuracy":0.4515,"_runtime":88.5704483}