{"_wandb":{"runtime":42},"_step":9,"loss":0.9740750971004554,"epoch":10,"_runtime":42.5673517,"val_loss":1.13918168533592,"val_accuracy":0.8608333333333333,"_timestamp":1.74159579179574e+09,"accuracy":0.8745185185185185}