{"_timestamp":1.7415431335274487e+09,"_step":4,"loss":2.2549284544268025,"_runtime":59.0677815,"val_accuracy":0.09166666666666666,"accuracy":0.10092592592592593,"val_loss":2.2550752688252107,"epoch":5,"_wandb":{"runtime":59}}