{"epoch":5,"val_loss":3.367483179409967,"_timestamp":1.7415056577065613e+09,"_step":4,"_wandb":{"runtime":13},"_runtime":13.056171,"loss":3.367308720135019,"accuracy":0.10092592592592593,"val_accuracy":0.09166666666666666}