{"val_loss":0.7066110686500363,"_wandb":{"runtime":51},"accuracy":0.8993148148148148,"_step":9,"val_accuracy":0.8813333333333333,"epoch":10,"loss":0.5479041898546979,"_runtime":51.4134979,"_timestamp":1.7415970519278548e+09}