{"_timestamp":1.741589461838234e+09,"epoch":10,"val_accuracy":0.867,"val_loss":0.46091034754743443,"_wandb":{"runtime":59},"loss":0.41050228525171323,"_runtime":59.6745939,"accuracy":0.8757592592592592,"_step":9}