{"_step":0,"_wandb":{"runtime":44},"val_loss":2.3027269752288064,"_timestamp":1.7414545730900073e+09,"_runtime":44.388556}