{"_wandb":{"runtime":173},"_step":9,"_timestamp":1.7415836946373467e+09,"accuracy":0.8542222222222222,"_runtime":173.3870128,"loss":0.761742625525963,"val_accuracy":0.8535,"val_loss":0.8418673432781267,"epoch":10}