{"_wandb":{"runtime":120},"val_loss":0.44842696561460427,"_timestamp":1.7413427026236613e+09,"_runtime":120.5011171,"_step":0}