{"_step":0,"_wandb":{"runtime":6},"val_loss":2.3025899606059337,"_timestamp":1.7413436302538636e+09,"_runtime":6.9079527}