{"accuracy":0.8831851851851852,"_runtime":34.1844027,"loss":0.4667141298980328,"epoch":10,"val_loss":0.5321940462512341,"_step":9,"val_accuracy":0.8683333333333333,"_timestamp":1.7415965963968894e+09,"_wandb":{"runtime":34}}