{"_runtime":15.9204129,"_wandb":{"runtime":15},"_step":0,"val_loss":2.3025966534178006,"_timestamp":1.741342255121251e+09}