{"loss":1.137903625774945,"accuracy":0.5280185185185186,"epoch":5,"_timestamp":1.7415387152642863e+09,"_runtime":52.427836,"_step":4,"val_loss":1.1437117470013085,"val_accuracy":0.5231666666666667,"_wandb":{"runtime":52}}