{"accuracy":0.0997962962962963,"_timestamp":1.741538803626738e+09,"_wandb":{"runtime":43},"loss":2.2864521651546292,"val_loss":2.2864785329900945,"val_accuracy":0.10183333333333333,"_runtime":43.0534116,"_step":4,"epoch":5}