{"val_accuracy":0.7918333333333333,"_wandb":{"runtime":63},"epoch":10,"accuracy":0.795962962962963,"_runtime":63.5290227,"_step":9,"val_loss":NaN,"loss":NaN,"_timestamp":1.7415107814022956e+09}