{"_step":0,"_wandb":{"runtime":36},"val_loss":0.35411315061184384,"_timestamp":1.7414542057006536e+09,"_runtime":36.628886}