{"_timestamp":1.7415829625174587e+09,"_step":4,"val_accuracy":0.8641666666666666,"_runtime":75.9732597,"epoch":5,"loss":0.6161493297957655,"val_loss":0.6609912246751632,"_wandb":{"runtime":76},"accuracy":0.8717777777777778}