{"epoch":5,"loss":2.362766079204939,"val_accuracy":0.09166666666666666,"accuracy":0.10092592592592593,"_timestamp":1.7415835175602598e+09,"val_loss":2.3640359305967835,"_wandb":{"runtime":75},"_step":4,"_runtime":75.2151963}