{"_timestamp":1.7415832515614774e+09,"_step":9,"loss":2.3025444452803234,"accuracy":0.10092592592592593,"_wandb":{"runtime":21},"_runtime":21.9117803,"val_loss":2.3026911229747067,"epoch":10,"val_accuracy":0.09166666666666666}