{"val_loss":2.3026074314133864,"_timestamp":1.7414550232149594e+09,"_runtime":22.0766799,"_step":0,"_wandb":{"runtime":22}}