{"_wandb":{"runtime":43},"epoch":10,"val_loss":0.6533585498320852,"loss":0.564918141661874,"_timestamp":1.741540576998257e+09,"_runtime":43.5085613,"accuracy":0.8849259259259259,"val_accuracy":0.872,"_step":9}