{"val_accuracy":0.867,"_step":9,"epoch":10,"accuracy":0.8862777777777778,"val_loss":0.589185264887824,"_wandb":{"runtime":66},"_timestamp":1.7415877200658972e+09,"_runtime":66.6700528,"loss":0.46945544380206705}