{"_step":4,"accuracy":0.10024074074074074,"_wandb":{"runtime":121},"epoch":5,"val_accuracy":0.09783333333333333,"loss":2.2607610221527565,"_timestamp":1.7415035006390426e+09,"val_loss":2.260977507109485,"_runtime":121.6190526}