{"_wandb":{"runtime":44},"_timestamp":1.7415896581688645e+09,"_runtime":44.1886035,"epoch":10,"val_loss":0.4898956664506037,"accuracy":0.8759259259259259,"loss":0.44121538068884175,"_step":9,"val_accuracy":0.8651666666666666}