{"epoch":5,"val_accuracy":0.8615,"_timestamp":1.7415057883908238e+09,"_wandb":{"runtime":15},"val_loss":NaN,"_runtime":15.5608272,"loss":NaN,"accuracy":0.8663888888888889,"_step":4}