{"_step":4,"_runtime":18.8367604,"val_loss":2.307702009166851,"epoch":5,"val_accuracy":0.09166666666666666,"accuracy":0.10092592592592593,"_wandb":{"runtime":18},"loss":2.3075889422663067,"_timestamp":1.7415392836888862e+09}