{"_runtime":29.5334503,"_step":0,"_wandb":{"runtime":29},"val_loss":2.3025850920867375,"_timestamp":1.7413423494969003e+09}