{"epoch":10,"_wandb":{"runtime":92},"val_loss":0.6506365981230308,"val_accuracy":0.8598333333333333,"loss":0.5879524861999107,"_timestamp":1.7415874236964056e+09,"_step":9,"_runtime":92.8564391,"accuracy":0.8701481481481481}