{"_wandb":{"runtime":49},"val_loss":0.6485743941828941,"_runtime":49.4027023,"_timestamp":1.7415968216120474e+09,"epoch":10,"accuracy":0.872537037037037,"val_accuracy":0.8661666666666666,"loss":0.5838287183075511,"_step":9}