{"_wandb":{"runtime":140},"val_loss":0.681024582636563,"_timestamp":1.7414529052087748e+09,"_runtime":140.6996217,"_step":0}