{"_runtime":19.4521463,"_step":0,"_wandb":{"runtime":19},"val_loss":2.3026564702940497,"_timestamp":1.7414537317299037e+09}