{"loss":0.5146809264758689,"accuracy":0.8858148148148148,"_timestamp":1.7415971109173083e+09,"_step":9,"_runtime":50.9076085,"epoch":10,"_wandb":{"runtime":50},"val_accuracy":0.87,"val_loss":0.550308767259282}