{"val_accuracy":0.09833333333333333,"loss":2.3000985789258257,"_runtime":73.6262217,"_step":9,"_timestamp":1.7415072112863169e+09,"val_loss":2.3002866718722133,"epoch":10,"_wandb":{"runtime":73},"accuracy":0.10018518518518518}