{"_wandb":{"runtime":1889},"_runtime":1889.3116719,"_timestamp":1.7415106994459798e+09,"epoch":10,"val_accuracy":0.8126666666666666,"accuracy":0.8184074074074074,"_step":9,"loss":NaN,"val_loss":NaN}