{"_timestamp":1.7415963788875763e+09,"epoch":10,"val_loss":0.8555572395475275,"_runtime":34.6266892,"val_accuracy":0.8761666666666666,"accuracy":0.8990370370370371,"_step":9,"_wandb":{"runtime":34},"loss":0.6426438638801474}