{"_wandb":{"runtime":56},"val_loss":0.6654642793801361,"_runtime":56.9734949,"epoch":10,"accuracy":0.8789444444444444,"_timestamp":1.7415954972275999e+09,"val_accuracy":0.8703333333333333,"loss":0.6059057941260294,"_step":9}