{"val_loss":0.4984799116366362,"_timestamp":1.7414540876107554e+09,"_runtime":100.3033526,"_step":0,"_wandb":{"runtime":100}}