{"_runtime":140.9033838,"accuracy":0.8258148148148148,"epoch":10,"_wandb":{"runtime":140},"val_loss":NaN,"_step":9,"_timestamp":1.7415049881032934e+09,"val_accuracy":0.8156666666666667,"loss":NaN}