{"_wandb":{"runtime":40},"loss":2.2831917795423395,"_timestamp":1.7415111780818079e+09,"_runtime":40.915336,"accuracy":0.10018518518518518,"val_loss":2.284575363267202,"epoch":10,"_step":9,"val_accuracy":0.09833333333333333}