{"accuracy":0.10024074074074074,"_step":4,"val_loss":2.3344268145196643,"_timestamp":1.7415389836391437e+09,"_runtime":17.7416318,"epoch":5,"val_accuracy":0.09783333333333333,"loss":2.33377064510605,"_wandb":{"runtime":17}}