{"_timestamp":1.7415963315905478e+09,"_step":9,"accuracy":0.880962962962963,"epoch":10,"val_loss":0.7280260757917961,"val_accuracy":0.8681666666666666,"_wandb":{"runtime":34},"_runtime":34.5367625,"loss":0.6355910813823084}