{"_runtime":161.9405446,"_step":9,"val_loss":2.3901755358807573,"accuracy":0.09985185185185186,"loss":2.390959261635939,"_timestamp":1.741582146062381e+09,"_wandb":{"runtime":161},"epoch":10,"val_accuracy":0.10133333333333333}