{"_timestamp":1.7413436623280847e+09,"_wandb":{"runtime":27},"_runtime":27.8210719,"_step":0,"val_loss":2.302710488597009}