{"_step":0,"val_loss":2.302707521869488,"_timestamp":1.7414531638017275e+09,"_runtime":28.4653876,"_wandb":{"runtime":28}}