{"_wandb":{"runtime":57},"val_loss":2.3813540911246847,"val_accuracy":0.10283333333333333,"accuracy":0.1145925925925926,"_runtime":57.8241083,"_timestamp":1.7415031086109974e+09,"_step":9,"epoch":10,"loss":2.3811302866918593}