{"epoch":10,"_wandb":{"runtime":78},"val_accuracy":0.8788333333333334,"_runtime":78.1994452,"accuracy":0.8999074074074074,"_timestamp":1.7415904232740064e+09,"loss":0.3507930798398415,"val_loss":0.4414850630619485,"_step":9}