{"_wandb":{"runtime":93},"val_accuracy":0.8778333333333334,"epoch":10,"val_loss":0.5306714530106369,"loss":0.4180313439851517,"accuracy":0.8917592592592593,"_step":9,"_timestamp":1.7415873222719445e+09,"_runtime":93.0928542}