{"loss":0.5759655078425061,"_wandb":{"runtime":58},"_runtime":58.8688561,"epoch":10,"val_loss":0.6507577129065593,"_step":9,"accuracy":0.8828148148148148,"val_accuracy":0.8746666666666667,"_timestamp":1.7415429032941566e+09}