{"_timestamp":1.7414547067378657e+09,"_runtime":33.0675322,"_step":0,"_wandb":{"runtime":33},"val_loss":2.3026337291036927}