{"_runtime":122.3749451,"val_accuracy":0.09833333333333333,"val_loss":2.313203480504011,"_step":9,"_wandb":{"runtime":122},"_timestamp":1.7415076352947962e+09,"epoch":10,"loss":2.3073846491919885,"accuracy":0.10018518518518518}