{"_runtime":130.2814693,"loss":NaN,"accuracy":0.8649074074074075,"val_accuracy":0.8606666666666667,"_timestamp":1.7415051542385857e+09,"val_loss":NaN,"_step":9,"epoch":10,"_wandb":{"runtime":130}}