{"_step":0,"val_loss":0.9071541728242607,"_wandb":{"runtime":14},"_timestamp":1.7413425755489547e+09,"_runtime":14.9054111}