{"_runtime":105.7524795,"_timestamp":1.7415830760403812e+09,"_wandb":{"runtime":105},"val_loss":2.3486157967493595,"val_accuracy":0.09166666666666666,"epoch":10,"_step":9,"loss":2.3479067605799506,"accuracy":0.10092592592592593}