{"loss":3.3676723817051455,"epoch":5,"_timestamp":1.7415404308931084e+09,"accuracy":0.10092592592592593,"_runtime":14.5642267,"_step":4,"val_loss":3.3678117314582185,"val_accuracy":0.09166666666666666,"_wandb":{"runtime":14}}