{"_timestamp":1.7415079962185626e+09,"epoch":10,"val_accuracy":0.1045,"_runtime":130.746514,"loss":2.3026579126457087,"_wandb":{"runtime":130},"accuracy":0.0995,"_step":9,"val_loss":2.302403202741146}