{"_wandb":{"runtime":18},"_runtime":18.6505885,"_step":0,"val_loss":0.9028423875969185,"_timestamp":1.741453519186365e+09}