{"_step":0,"val_loss":2.302565137710091,"_timestamp":1.7413432073434472e+09,"_runtime":36.8608353,"_wandb":{"runtime":36}}