{"accuracy":0.09964814814814815,"epoch":5,"val_loss":2.3027315953013217,"_timestamp":1.7415811766162598e+09,"loss":2.3026129105639677,"_runtime":33.0649521,"_wandb":{"runtime":33},"_step":4,"val_accuracy":0.10316666666666667}