{"_step":0,"_wandb":{"runtime":32},"val_loss":0.696071867158068,"_timestamp":1.74145508650811e+09,"_runtime":32.8377738}