{"_step":0,"_wandb":{"runtime":22},"val_loss":2.3026836511777202,"_timestamp":1.7414530996770184e+09,"_runtime":22.2605057}