{"val_loss":2.357525265930053,"_timestamp":1.7415436722018976e+09,"epoch":5,"_step":4,"loss":2.3580345748220095,"_wandb":{"runtime":75},"accuracy":0.10018518518518518,"_runtime":75.8170151,"val_accuracy":0.09833333333333333}