{"val_loss":2.50698713225423,"val_accuracy":0.09166666666666666,"_step":4,"accuracy":0.10092592592592593,"_runtime":21.7680558,"epoch":5,"_timestamp":1.7415059620592468e+09,"_wandb":{"runtime":21},"loss":2.5068274634922942}