{"_timestamp":1.741539368468701e+09,"val_accuracy":0.09166666666666666,"loss":2.299289789937347,"_step":4,"_wandb":{"runtime":72},"_runtime":72.1545985,"epoch":5,"accuracy":0.10092592592592593,"val_loss":2.2994132958431117}