{"_wandb":{"runtime":30},"val_loss":0.5416608077862657,"_timestamp":1.741342556259603e+09,"_runtime":30.6728931,"_step":0}