{"_wandb":{"runtime":15},"val_accuracy":0.09166666666666666,"_step":4,"epoch":5,"_timestamp":1.7415823758142323e+09,"val_loss":2.3029585337260112,"accuracy":0.10092592592592593,"loss":2.3028110595083793,"_runtime":15.4355507}