{"accuracy":0.10092592592592593,"_step":4,"_runtime":25.0297023,"epoch":5,"loss":3.363459865885339,"_wandb":{"runtime":25},"val_loss":3.3635904137274397,"val_accuracy":0.09166666666666666,"_timestamp":1.7415402216982808e+09}