{"val_loss":NaN,"val_accuracy":0.8415,"_timestamp":1.7415073312756941e+09,"_runtime":113.8755544,"loss":NaN,"accuracy":0.8528148148148148,"_step":9,"_wandb":{"runtime":113},"epoch":10}