{"_wandb":{"runtime":42},"_step":0,"val_loss":2.3027272299151123,"_timestamp":1.7413431272640674e+09,"_runtime":42.6055149}