{"_step":3,"Confusion Matrix":{"size":390817,"path":"media/images/Confusion Matrix_3_f8d80e490e3123bc4427.png","format":"png","width":2386,"height":2029,"_type":"image-file","sha256":"f8d80e490e3123bc4427b34c083e80fb1ccfef812e2135651833488c6a0c4665"},"_wandb":{"runtime":153},"Test Accuracy":0.8763,"_timestamp":1.7422160586316054e+09,"_runtime":152.7618675}