{"val_loss":2.3027727899639507,"_step":9,"_wandb":{"runtime":112},"accuracy":0.10092592592592593,"epoch":10,"val_accuracy":0.09166666666666666,"_runtime":112.2487767,"loss":2.302578646681687,"_timestamp":1.7415033425535948e+09}