{"loss":0.42950599924739535,"_runtime":116.8803811,"val_accuracy":0.8721666666666666,"_timestamp":1.7415888950156891e+09,"accuracy":0.8927407407407407,"epoch":10,"_step":9,"val_loss":0.5613517192403495,"_wandb":{"runtime":116}}