{"loss":1.8434896826485145,"_runtime":34.8878223,"val_loss":1.8435101687764246,"val_accuracy":0.09833333333333333,"_timestamp":1.741583222308063e+09,"epoch":10,"_wandb":{"runtime":34},"_step":9,"accuracy":0.10018518518518518}