{"_wandb":{"runtime":55},"_timestamp":1.7414539533044155e+09,"_runtime":55.5043418,"_step":0,"val_loss":2.3026654717481967}