{"_wandb":{"runtime":18},"_timestamp":1.7415114973547602e+09,"_step":4,"epoch":5,"val_accuracy":0.09166666666666666,"accuracy":0.10092592592592593,"_runtime":18.6485195,"val_loss":2.302520371156854,"loss":2.3019838764247695}