{"val_accuracy":0.877,"_timestamp":1.741596221438722e+09,"accuracy":0.8918703703703704,"val_loss":0.7921729541423177,"loss":0.5848281834498441,"epoch":10,"_runtime":25.136554,"_step":9,"_wandb":{"runtime":25}}