{"_timestamp":1.7413423146139905e+09,"_wandb":{"runtime":16},"_runtime":16.640729,"_step":0,"val_loss":2.302585086069399}