{"accuracy":0.39016666666666666,"val_loss":NaN,"_runtime":27.0965879,"val_accuracy":0.3873333333333333,"_wandb":{"runtime":27},"_step":4,"epoch":5,"_timestamp":1.7415080539546013e+09,"loss":NaN}