{"_step":9,"epoch":10,"_runtime":155.7462922,"accuracy":0.8795185185185185,"_timestamp":1.7415838566705337e+09,"_wandb":{"runtime":155},"val_loss":0.45386672418174784,"val_accuracy":0.8663333333333333,"loss":0.3979369310626329}