{"val_loss":2.2882110845557047,"accuracy":0.10018518518518518,"epoch":10,"_step":9,"_wandb":{"runtime":56},"val_accuracy":0.09833333333333333,"_runtime":56.7646144,"_timestamp":1.7415434399411414e+09,"loss":2.288306975613795}