{"_step":4,"_timestamp":1.741542360634404e+09,"_runtime":36.5498658,"_wandb":{"runtime":36},"epoch":5,"val_loss":1.7607761446421382,"val_accuracy":0.09166666666666666,"accuracy":0.10092592592592593,"loss":1.7607202785963412}