{"loss":2.336387170229285,"_step":9,"accuracy":0.10092592592592593,"_wandb":{"runtime":89},"val_accuracy":0.09166666666666666,"_runtime":89.9262795,"epoch":10,"val_loss":2.3365576728752493,"_timestamp":1.741505932947374e+09}