{"_wandb":{"runtime":61},"_timestamp":1.741455239169624e+09,"_runtime":61.7986195,"_step":0,"val_loss":0.34729999057233013}