{"val_accuracy":0.09166666666666666,"epoch":5,"loss":2.50760392310856,"_wandb":{"runtime":67},"val_loss":2.507760892370333,"_step":4,"accuracy":0.10092592592592593,"_timestamp":1.7415071310622075e+09,"_runtime":67.8460157}