{"val_loss":2.3025965232575984,"_timestamp":1.7413432591015403e+09,"_runtime":20.5214006,"_step":0,"_wandb":{"runtime":20}}