{"loss":NaN,"_wandb":{"runtime":69},"accuracy":0.856574074074074,"_timestamp":1.7415088028816054e+09,"_step":9,"epoch":10,"val_loss":NaN,"_runtime":69.0357619,"val_accuracy":0.8431666666666666}