{"_runtime":59.954188,"val_accuracy":0.09166666666666666,"_wandb":{"runtime":59},"_timestamp":1.7415069621367662e+09,"_step":9,"epoch":10,"accuracy":0.10092592592592593,"val_loss":2.3024368756931337,"loss":2.3022603015832157}