{"val_loss":2.318021430831709,"_timestamp":1.7415017101843064e+09,"accuracy":0.09964814814814815,"_wandb":{"runtime":35},"epoch":5,"_runtime":35.8312268,"loss":2.3188275019788858,"val_accuracy":0.10316666666666667,"_step":4}