{"val_loss":0.6641053623864002,"accuracy":0.885,"val_accuracy":0.8743333333333333,"_step":9,"epoch":10,"_timestamp":1.7415961927424312e+09,"_wandb":{"runtime":22},"loss":0.5813096032985748,"_runtime":22.9496374}