{"_wandb":{"runtime":38},"accuracy":0.8634444444444445,"_step":9,"epoch":10,"loss":0.6702125796068777,"val_loss":0.7430903505390268,"val_accuracy":0.8555,"_runtime":38.8164065,"_timestamp":1.7415953728046122e+09}