{"_step":9,"val_accuracy":0.883,"accuracy":0.903425925925926,"_wandb":{"runtime":75},"loss":0.3215358464777544,"val_loss":0.4226494153884444,"_timestamp":1.7415902588089476e+09,"_runtime":75.3168736,"epoch":10}