{"val_loss":2.3169262786292837,"epoch":5,"accuracy":0.10092592592592593,"_wandb":{"runtime":37},"_step":4,"_timestamp":1.7415083849136877e+09,"_runtime":36.992457,"val_accuracy":0.09166666666666666,"loss":2.316751705168547}