{"epoch":5,"loss":2.3251222784897783,"_step":4,"_timestamp":1.7415398453488224e+09,"_runtime":61.1996087,"val_accuracy":0.09166666666666666,"val_loss":2.326112209198948,"_wandb":{"runtime":61},"accuracy":0.10092592592592593}