{"_timestamp":1.7414529476367168e+09,"_runtime":8.9264904,"_step":0,"_wandb":{"runtime":8},"val_loss":2.3025963739547413}