{"val_loss":1.637012696909496,"_wandb":{"runtime":12},"_timestamp":1.7414546599152064e+09,"_runtime":12.5694942,"_step":0}