{"val_accuracy":0.8636666666666667,"accuracy":0.8812777777777778,"epoch":10,"_runtime":49.2389503,"_timestamp":1.7415967681284025e+09,"_step":9,"val_loss":0.8546975426920738,"loss":0.6521181772183509,"_wandb":{"runtime":49}}