{"_runtime":74.9715124,"_step":9,"val_loss":0.7570024096969424,"val_accuracy":0.7748333333333334,"_wandb":{"runtime":74},"_timestamp":1.7415394736021473e+09,"accuracy":0.780425925925926,"epoch":10,"loss":0.776477135338797}