{"val_accuracy":0.09166666666666666,"_wandb":{"runtime":33},"accuracy":0.10092592592592593,"loss":2.8603640975288145,"_step":4,"val_loss":2.8605201623390593,"_timestamp":1.7415016648497207e+09,"_runtime":33.0027753,"epoch":5}