{"val_loss":0.6674512848315388,"val_accuracy":0.843,"_step":4,"accuracy":0.8509629629629629,"_timestamp":1.7415831264356723e+09,"_runtime":44.8223693,"_wandb":{"runtime":44},"epoch":5,"loss":0.6123851220382359}