{"_wandb":{"runtime":80},"epoch":10,"_step":9,"val_accuracy":0.09166666666666666,"_runtime":80.4758388,"val_loss":2.3011610105762266,"accuracy":0.10092592592592593,"_timestamp":1.7415400684100084e+09,"loss":2.3010190655232927}