{"_step":0,"val_loss":0.5828563893687128,"_timestamp":1.7414535966522584e+09,"_wandb":{"runtime":70},"_runtime":69.9876766}