{"_wandb":{"runtime":51},"epoch":10,"_step":9,"_runtime":51.0204635,"loss":2.50601640620687,"val_loss":2.506166611227509,"val_accuracy":0.09166666666666666,"_timestamp":1.7415823537239323e+09,"accuracy":0.10092592592592593}