{"_timestamp":1.741456118918493e+09,"_wandb":{"runtime":121},"_runtime":121.5010728,"_step":0,"val_loss":0.6925444312355424}