{"accuracy":0.8744444444444445,"_runtime":77.5655056,"val_accuracy":0.8593333333333333,"epoch":10,"_timestamp":1.7415905082128184e+09,"_step":9,"loss":0.4105145735807657,"_wandb":{"runtime":77},"val_loss":0.44179403920599614}