{"loss":2.302521687601437,"_timestamp":1.7415426077463372e+09,"_wandb":{"runtime":36},"val_loss":2.302660640506638,"accuracy":0.10092592592592593,"val_accuracy":0.09166666666666666,"_runtime":36.7941447,"_step":9,"epoch":10}