{"val_accuracy":0.09783333333333333,"epoch":10,"_timestamp":1.7415066314840033e+09,"_step":9,"val_loss":2.3279495698441535,"loss":2.3276836260888607,"_runtime":34.6662865,"_wandb":{"runtime":34},"accuracy":0.10024074074074074}