{"_wandb":{"runtime":46},"loss":0.6123277123324896,"_runtime":46.0944494,"_step":4,"epoch":5,"accuracy":0.8894074074074074,"_timestamp":1.7415404838163462e+09,"val_loss":0.7600577810687731,"val_accuracy":0.877}