{"epoch":5,"loss":2.325719017861325,"_wandb":{"runtime":44},"val_accuracy":0.09833333333333333,"accuracy":0.10018518518518518,"_step":4,"val_loss":2.3256754928677523,"_timestamp":1.7415421226525366e+09,"_runtime":44.6592382}