{"_runtime":60.5743129,"_wandb":{"runtime":60},"val_accuracy":0.09166666666666666,"_step":4,"epoch":5,"_timestamp":1.7415115979592614e+09,"val_loss":2.302956358902876,"loss":2.3028604266201205,"accuracy":0.10092592592592593}