{"_step":0,"val_loss":2.302707847522479,"_timestamp":1.7413416393579626e+09,"_runtime":13.613171,"_wandb":{"runtime":13}}