{"_runtime":32.5490015,"_wandb":{"runtime":32},"_step":0,"val_loss":2.3025846676278308,"_timestamp":1.7413422936778135e+09}