{"val_loss":2.3025861118332402,"_timestamp":1.741454812498815e+09,"_wandb":{"runtime":47},"_runtime":47.1210911,"_step":0}