{"accuracy":0.8898888888888888,"_runtime":88.9648142,"loss":0.4154142864674139,"epoch":10,"_wandb":{"runtime":88},"val_loss":0.5655442516088454,"val_accuracy":0.8765,"_timestamp":1.7415868497443557e+09,"_step":9}