{"loss":2.111068592300661,"accuracy":0.10018518518518518,"_step":9,"val_accuracy":0.09833333333333333,"_wandb":{"runtime":111},"_timestamp":1.7415067464277194e+09,"_runtime":111.1125593,"epoch":10,"val_loss":2.1109581045477106}