{"val_accuracy":0.8753333333333333,"_step":9,"loss":NaN,"_timestamp":1.741504761966689e+09,"_wandb":{"runtime":215},"val_loss":NaN,"epoch":10,"accuracy":0.8836111111111111,"_runtime":215.7332832}