{"_timestamp":1.7413418404258456e+09,"_runtime":54.4412528,"_wandb":{"runtime":54},"_step":0,"val_loss":2.302585090177941}