{"_step":0,"_wandb":{"runtime":75},"val_loss":2.302638108196607,"_timestamp":1.741343544754779e+09,"_runtime":75.9447505}