{"_runtime":190.3404655,"_step":9,"accuracy":0.8696111111111111,"_wandb":{"runtime":190},"val_loss":0.7083661563129621,"loss":0.6698377531048916,"_timestamp":1.7415428359226816e+09,"val_accuracy":0.8573333333333333,"epoch":10}