{"val_loss":0.5020614037229237,"_step":9,"epoch":10,"accuracy":0.8666666666666667,"_timestamp":1.741586753294067e+09,"_wandb":{"runtime":82},"val_accuracy":0.8558333333333333,"loss":0.4806434464554884,"_runtime":82.7572951}