{"_wandb":{"runtime":52},"val_loss":2.302603625900628,"_timestamp":1.7414561775798738e+09,"_runtime":52.2346962,"_step":0}