{"_timestamp":1.7415420648761134e+09,"accuracy":0.3785925925925926,"_step":4,"val_loss":2.4572996361767423,"loss":2.4540858004651245,"_runtime":40.7285021,"val_accuracy":0.371,"epoch":5,"_wandb":{"runtime":40}}