{"val_loss":2.3178558980731068,"_wandb":{"runtime":25},"_step":9,"val_accuracy":0.10316666666666667,"accuracy":0.09964814814814815,"loss":2.318181018596396,"epoch":10,"_runtime":25.7452185,"_timestamp":1.7415827057063234e+09}