{"val_loss":0.6581783012450497,"val_accuracy":0.847,"_step":9,"loss":0.6402977917113305,"epoch":10,"_timestamp":1.7415958394240694e+09,"_wandb":{"runtime":42},"_runtime":42.9635592,"accuracy":0.8567592592592592}