{"epoch":10,"_wandb":{"runtime":41},"_step":9,"accuracy":0.8738333333333334,"loss":0.4261534320560371,"_timestamp":1.7415895583113987e+09,"val_loss":0.47287734458917186,"_runtime":41.885113,"val_accuracy":0.8598333333333333}