{"_runtime":51.8380392,"_wandb":{"runtime":51},"_step":0,"val_loss":0.7434273828135612,"_timestamp":1.7414541626868284e+09}