{"_step":9,"_runtime":91.5935149,"val_loss":2.243505525990584,"loss":2.2437791753965564,"_wandb":{"runtime":91},"val_accuracy":0.0995,"accuracy":0.10005555555555555,"_timestamp":1.7415041502174406e+09,"epoch":10}