{"_timestamp":1.7413430314882274e+09,"_runtime":7.0399184,"_wandb":{"runtime":7},"_step":0,"val_loss":2.3025845733966603}