{"accuracy":0.23120370370370372,"_runtime":101.7114087,"loss":1.7466120796289382,"_timestamp":1.7415038243995824e+09,"val_loss":1.7533940447666991,"_wandb":{"runtime":101},"val_accuracy":0.2315,"_step":9,"epoch":10}