{"_timestamp":1.7415067914614637e+09,"val_loss":1.976942795217549,"loss":1.9768100255074705,"accuracy":0.0997962962962963,"_runtime":37.7718494,"_wandb":{"runtime":37},"epoch":10,"_step":9,"val_accuracy":0.10183333333333333}