{"_runtime":21.5127992,"val_loss":2.0046054282920154,"accuracy":0.10018518518518518,"val_accuracy":0.09833333333333333,"loss":2.0042157647005965,"epoch":5,"_step":4,"_wandb":{"runtime":21},"_timestamp":1.7415050177081904e+09}