{"_step":0,"_wandb":{"runtime":54},"val_loss":1.021302756911851,"_timestamp":1.7414554391814325e+09,"_runtime":54.2618725}