{"_runtime":31.1469938,"loss":2.2778317175039042,"_wandb":{"runtime":31},"val_loss":2.278673864650013,"_timestamp":1.7415058354318435e+09,"epoch":5,"val_accuracy":0.10133333333333333,"accuracy":0.09985185185185186,"_step":4}