{"_runtime":11.7658337,"_wandb":{"runtime":11},"_step":0,"val_loss":2.3026342445847887,"_timestamp":1.7413429333312917e+09}