{"_step":0,"val_loss":0.4339767471954206,"_timestamp":1.7414534955676098e+09,"_runtime":121.9914684,"_wandb":{"runtime":122}}