{"epoch":10,"_wandb":{"runtime":37},"val_loss":0.48131981329808254,"val_accuracy":0.874,"accuracy":0.8885185185185185,"_runtime":37.1445802,"_timestamp":1.7415890626615717e+09,"_step":9,"loss":0.38928513912825535}