{"_runtime":205.4221937,"_timestamp":1.7415813945190136e+09,"val_accuracy":0.8088333333333333,"loss":0.9294650117426221,"_step":9,"_wandb":{"runtime":205},"epoch":10,"val_loss":0.9640063085305253,"accuracy":0.8175925925925925}