{"_wandb":{"runtime":108},"_step":0,"val_loss":2.302706241886219,"_timestamp":1.741453889986026e+09,"_runtime":108.31919859999999}