{"loss":1.9397907827642373,"_wandb":{"runtime":41},"_timestamp":1.7415113865905e+09,"val_loss":1.9398937834651666,"epoch":10,"_runtime":41.8749415,"_step":9,"accuracy":0.10005555555555555,"val_accuracy":0.09116666666666666}