{"_runtime":157.0957024,"_wandb":{"runtime":157},"loss":2.336354501484789,"_timestamp":1.7415411503564131e+09,"val_loss":2.336510464001252,"val_accuracy":0.09166666666666666,"_step":9,"epoch":10,"accuracy":0.10092592592592593}