{"accuracy":0.20896296296296296,"_timestamp":1.7415055656214654e+09,"_runtime":102.8608089,"_step":9,"epoch":10,"val_loss":2.2978791352476136,"loss":2.2977235972568213,"_wandb":{"runtime":102},"val_accuracy":0.19933333333333333}