{"val_loss":2.302709141723557,"_step":4,"accuracy":0.10018518518518518,"epoch":5,"val_accuracy":0.09833333333333333,"_timestamp":1.7415031793482275e+09,"_runtime":64.7871035,"_wandb":{"runtime":64},"loss":2.3026405494608273}