{"_step":4,"accuracy":0.7385,"epoch":5,"_timestamp":1.7415437053621259e+09,"_wandb":{"runtime":27},"_runtime":27.815966799999998,"val_loss":0.8756154518935544,"val_accuracy":0.7303333333333333,"loss":0.8882993949462737}