{"loss":2.0792477073217412,"epoch":10,"val_loss":2.0793363752616187,"_runtime":169.540998,"_wandb":{"runtime":169},"_step":9,"val_accuracy":0.09166666666666666,"accuracy":0.10092592592592593,"_timestamp":1.7415396484329638e+09}