{"_runtime":51.4112761,"_step":4,"accuracy":0.09985185185185186,"val_accuracy":0.10133333333333333,"epoch":5,"_timestamp":1.7415819190879185e+09,"loss":2.3624853413882727,"val_loss":2.362805905664494,"_wandb":{"runtime":51}}