{"_runtime":45.8890011,"val_accuracy":0.8496666666666667,"_wandb":{"runtime":45},"_timestamp":1.7415827569451833e+09,"_step":4,"accuracy":0.8550925925925926,"epoch":5,"val_loss":0.5450790577450262,"loss":0.5388176977296644}