{"accuracy":0.6798888888888889,"val_accuracy":0.6631666666666667,"epoch":10,"loss":NaN,"_wandb":{"runtime":45},"_step":9,"_timestamp":1.7415070555645025e+09,"val_loss":NaN,"_runtime":45.4947457}