{"val_loss":1.856761485207097,"val_accuracy":0.09833333333333333,"_timestamp":1.7415826756276033e+09,"_runtime":32.8545747,"_step":9,"epoch":10,"loss":1.8568056269689144,"_wandb":{"runtime":32},"accuracy":0.10018518518518518}