{"_runtime":37.7796094,"epoch":10,"_step":9,"val_loss":0.5438960911388604,"_timestamp":1.7415863987423184e+09,"_wandb":{"runtime":37},"accuracy":0.8869444444444444,"val_accuracy":0.8711666666666666,"loss":0.4597415261703578}