{"_wandb":{"runtime":37},"_runtime":37.6643891,"_step":0,"val_loss":0.815484018319999,"_timestamp":1.7414537769136066e+09}