{"_timestamp":1.7413437068093524e+09,"_runtime":23.7114094,"_step":0,"val_loss":2.3026618926647857,"_wandb":{"runtime":23}}