{"val_accuracy":0.849,"loss":1.0730503289966793,"_runtime":65.0192811,"val_loss":1.2637929691092282,"_timestamp":1.7415955694696875e+09,"epoch":10,"_wandb":{"runtime":65},"_step":9,"accuracy":0.8654259259259259}