{"val_loss":0.6284222102115106,"_timestamp":1.7414531309509566e+09,"_runtime":27.9691181,"_wandb":{"runtime":27},"_step":0}