{"_step":0,"val_loss":2.3027180900249844,"_timestamp":1.7413429803043892e+09,"_wandb":{"runtime":42},"_runtime":42.5043686}