{"_runtime":64.5935439,"_wandb":{"runtime":64},"val_loss":0.8163019342342894,"loss":0.7202926673135505,"accuracy":0.8734259259259259,"val_accuracy":0.8623333333333333,"_timestamp":1.7415956470053477e+09,"_step":9,"epoch":10}