{"_step":0,"val_loss":2.3025705122139173,"_timestamp":1.7414556237923286e+09,"_wandb":{"runtime":20},"_runtime":20.2475586}