{"_wandb":{"runtime":92},"_runtime":92.1946307,"_step":0,"val_loss":2.3025981848725205,"_timestamp":1.741454911602257e+09}