{"_timestamp":1.741595985144909e+09,"epoch":10,"_wandb":{"runtime":66},"_step":9,"val_accuracy":0.8708333333333333,"_runtime":66.1695403,"accuracy":0.8772592592592593,"loss":0.5700561460944784,"val_loss":0.6300745734584074}