{"val_accuracy":0.8546666666666667,"epoch":5,"_timestamp":1.741542563570229e+09,"_step":4,"accuracy":0.8602962962962963,"loss":0.4523092719630347,"_wandb":{"runtime":116},"val_loss":0.4634646007564132,"_runtime":116.2710949}