{"accuracy":0.8623518518518518,"val_accuracy":0.8563333333333333,"_timestamp":1.74153939217545e+09,"val_loss":0.6655034167592565,"_runtime":20.1579753,"_wandb":{"runtime":20},"loss":0.6689172172296808,"_step":4,"epoch":5}