{"_timestamp":1.7415085456818533e+09,"loss":2.309363495013411,"_runtime":73.4891227,"_step":9,"val_accuracy":0.09166666666666666,"val_loss":2.309520868920093,"_wandb":{"runtime":73},"accuracy":0.10092592592592593,"epoch":10}