{"_runtime":89.8755175,"_step":0,"_wandb":{"runtime":89},"val_loss":0.7520438561853247,"_timestamp":1.7414527588900933e+09}