{"val_loss":NaN,"accuracy":0.838037037037037,"_timestamp":1.7415044227118728e+09,"val_accuracy":0.8328333333333333,"_step":4,"epoch":5,"_wandb":{"runtime":16},"_runtime":16.098403,"loss":NaN}