{"_wandb":{"runtime":116},"val_loss":2.344656481406143,"accuracy":0.10092592592592593,"val_accuracy":0.09166666666666666,"_timestamp":1.7415834365577724e+09,"_runtime":116.4039621,"_step":9,"epoch":10,"loss":2.3445106457310647}