{"val_accuracy":0.744,"epoch":10,"val_loss":NaN,"_wandb":{"runtime":27},"_timestamp":1.741503532753072e+09,"_step":9,"accuracy":0.7547777777777778,"loss":NaN,"_runtime":27.1518455}