{"val_loss":NaN,"accuracy":0.7170185185185185,"_wandb":{"runtime":66},"val_accuracy":0.7136666666666667,"_runtime":66.9165605,"loss":NaN,"_step":9,"_timestamp":1.741511128972254e+09,"epoch":10}