{"epoch":10,"loss":2.862793400234503,"accuracy":0.10092592592592593,"_step":9,"_runtime":39.0187832,"val_loss":2.862957941447031,"_wandb":{"runtime":39},"val_accuracy":0.09166666666666666,"_timestamp":1.7415062730016654e+09}