{"val_accuracy":0.09833333333333333,"_step":9,"loss":2.298308493406912,"_timestamp":1.7415087266405604e+09,"accuracy":0.10018518518518518,"val_loss":2.2984225345549048,"epoch":10,"_runtime":136.5404223,"_wandb":{"runtime":136}}