{"accuracy":0.8634814814814815,"_timestamp":1.7415406786617706e+09,"_step":4,"val_accuracy":0.8548333333333333,"_runtime":32.1423704,"epoch":5,"loss":0.6383368114949226,"_wandb":{"runtime":32},"val_loss":0.6602785333974793}