{"_step":9,"loss":0.46634754708362486,"_runtime":60.7340887,"_wandb":{"runtime":60},"val_loss":0.506326246348981,"epoch":10,"_timestamp":1.7415870838516254e+09,"val_accuracy":0.855,"accuracy":0.8633148148148149}