{"_step":0,"_wandb":{"runtime":16},"val_loss":2.3025966207732673,"_timestamp":1.7413416680056381e+09,"_runtime":16.3260843}