{"loss":NaN,"_wandb":{"runtime":29},"_step":9,"epoch":10,"_runtime":29.4743188,"accuracy":0.4414074074074074,"val_loss":NaN,"val_accuracy":0.43366666666666664,"_timestamp":1.741508089431974e+09}