{"_runtime":15.6168866,"_timestamp":1.7415399496874993e+09,"val_accuracy":0.4335,"epoch":5,"accuracy":0.44153703703703706,"_step":4,"_wandb":{"runtime":15},"val_loss":1.9782600973142441,"loss":1.9826626551062525}