{"accuracy":0.10092592592592593,"_timestamp":1.741510868297167e+09,"_runtime":39.1426178,"val_loss":2.3027071197409197,"_wandb":{"runtime":39},"epoch":10,"val_accuracy":0.09166666666666666,"_step":9,"loss":2.302501830463168}