{"_timestamp":1.7415080218789845e+09,"_step":4,"val_accuracy":0.19816666666666666,"accuracy":0.19814814814814816,"epoch":5,"val_loss":NaN,"loss":NaN,"_wandb":{"runtime":12},"_runtime":12.3506164}