{"accuracy":0.8709259259259259,"_timestamp":1.7415043987236247e+09,"val_accuracy":0.8563333333333333,"val_loss":NaN,"_step":9,"_runtime":57.1698162,"_wandb":{"runtime":57},"epoch":10,"loss":NaN}