{"_wandb":{"runtime":108},"val_loss":2.3027225743439304,"_timestamp":1.7413428179724326e+09,"_runtime":108.3910424,"_step":0}