{"_timestamp":1.7415424395645056e+09,"val_loss":2.3765053836424697,"_wandb":{"runtime":71},"accuracy":0.10092592592592593,"_runtime":71.7760592,"_step":4,"val_accuracy":0.09166666666666666,"epoch":5,"loss":2.3763123731042475}