{"loss":0.44931878590343743,"_timestamp":1.7415818608434594e+09,"val_accuracy":0.8591666666666666,"_wandb":{"runtime":268},"_step":9,"epoch":10,"_runtime":268.0797024,"accuracy":0.8713518518518518,"val_loss":0.5046716695605874}