{"val_loss":0.5592793601419515,"loss":0.4568353192638459,"accuracy":0.8819814814814815,"_timestamp":1.74158225357205e+09,"_wandb":{"runtime":51},"_step":4,"epoch":5,"_runtime":51.8815859,"val_accuracy":0.8688333333333333}