{"val_loss":0.7360487023904828,"_timestamp":1.7413417796392674e+09,"_runtime":41.6030366,"_step":0,"_wandb":{"runtime":41}}