{"_step":0,"val_loss":0.6311059484360304,"_wandb":{"runtime":13},"_timestamp":1.7413423756209292e+09,"_runtime":13.7145368}