{"accuracy":0.10092592592592593,"_timestamp":1.7415056379813755e+09,"_step":4,"_wandb":{"runtime":14},"epoch":5,"loss":2.8641624743493725,"val_loss":2.864318239544405,"_runtime":14.9649877,"val_accuracy":0.09166666666666666}