{"epoch":5,"val_accuracy":0.09166666666666666,"_runtime":12.6604172,"val_loss":3.367673886155949,"_step":4,"_timestamp":1.7415044891649961e+09,"loss":3.36751879876138,"accuracy":0.10092592592592593,"_wandb":{"runtime":12}}