{"accuracy":0.7964259259259259,"val_accuracy":0.7868333333333334,"epoch":5,"_wandb":{"runtime":26},"_runtime":26.3821527,"_step":4,"loss":0.7205386169865582,"val_loss":0.6853176411576624,"_timestamp":1.7415401908478372e+09}