{"_step":0,"_wandb":{"runtime":51},"val_loss":0.3796095176490607,"_timestamp":1.7414551700845776e+09,"_runtime":51.4285222}