{"loss":0.5639228006901595,"_step":9,"val_loss":0.625847925261679,"_timestamp":1.7415962518446121e+09,"_runtime":23.6582431,"epoch":10,"val_accuracy":0.8668333333333333,"_wandb":{"runtime":23},"accuracy":0.8792407407407408}