{"_step":0,"_wandb":{"runtime":59},"val_loss":2.3026259763973957,"_timestamp":1.7414533689124293e+09,"_runtime":59.0254392}