{"_runtime":95.8771754,"epoch":10,"_step":9,"_timestamp":1.7415397777282171e+09,"accuracy":0.008222222222222223,"_wandb":{"runtime":95},"val_accuracy":0.010333333333333333,"val_loss":2.2560796309201314,"loss":2.2559586695159153}