{"_timestamp":1.7414542973394156e+09,"_runtime":48.0412097,"_step":0,"_wandb":{"runtime":48},"val_loss":2.3025935626151677}