{"accuracy":0.19448148148148148,"_step":4,"val_accuracy":0.187,"_wandb":{"runtime":25},"_timestamp":1.7415115303914216e+09,"epoch":5,"_runtime":25.5278995,"loss":2.5048754130806463,"val_loss":2.5057979659301246}