{"val_loss":NaN,"epoch":5,"_step":4,"_runtime":23.4028351,"_wandb":{"runtime":23},"val_accuracy":0.8413333333333334,"accuracy":0.8491296296296297,"loss":NaN,"_timestamp":1.741510904505351e+09}