{"epoch":10,"accuracy":0.10092592592592593,"_step":9,"_timestamp":1.7415070045306609e+09,"_runtime":36.6133582,"_wandb":{"runtime":36},"val_loss":2.3030430519855956,"val_accuracy":0.09166666666666666,"loss":2.3029060495483}