{"loss":2.3029495959886845,"_wandb":{"runtime":55},"_timestamp":1.7415392035753741e+09,"_runtime":55.049363,"val_accuracy":0.10133333333333333,"accuracy":0.09985185185185186,"val_loss":2.3023328433341117,"epoch":5,"_step":4}