{"_timestamp":1.7413430170520978e+09,"_runtime":31.1465659,"_step":0,"_wandb":{"runtime":31},"val_loss":0.7194124465170223}