{"_step":4,"epoch":5,"val_accuracy":0.1035,"accuracy":0.09961111111111111,"loss":2.114422679692747,"_wandb":{"runtime":40},"val_loss":2.114342990914798,"_timestamp":1.7415832965799897e+09,"_runtime":40.3723533}