{"val_loss":2.302607698959204,"_timestamp":1.7414533034142988e+09,"_runtime":29.8871394,"_step":0,"_wandb":{"runtime":29}}