{"_runtime":30.4003574,"loss":2.1192475487681603,"val_accuracy":0.17533333333333334,"accuracy":0.1672962962962963,"_wandb":{"runtime":30},"val_loss":2.1196366225908667,"_step":9,"_timestamp":1.7415077776889482e+09,"epoch":10}