{"_runtime":36.9622572,"_step":0,"_wandb":{"runtime":36},"val_loss":0.6004773589893386,"_timestamp":1.7413418813496728e+09}