{"_timestamp":1.741582834293871e+09,"epoch":10,"_runtime":21.8932223,"loss":2.010115418037093,"val_loss":2.03133818140661,"val_accuracy":0.46116666666666667,"accuracy":0.4650925925925926,"_wandb":{"runtime":21},"_step":9}