{"_step":9,"val_accuracy":0.09166666666666666,"accuracy":0.10092592592592593,"epoch":10,"loss":2.302244423310751,"_wandb":{"runtime":83},"_runtime":83.803388,"val_loss":2.302596042732467,"_timestamp":1.741540157441647e+09}