{"epoch":10,"val_accuracy":0.09833333333333333,"_wandb":{"runtime":46},"accuracy":0.10018518518518518,"_timestamp":1.7415815536981618e+09,"_step":9,"_runtime":46.292161,"loss":2.302634914228925,"val_loss":2.3026862906042225}