{"_step":9,"_runtime":44.080099,"val_accuracy":0.8716666666666667,"loss":0.39824585045270205,"_timestamp":1.741589609969119e+09,"val_loss":0.49205629748690066,"accuracy":0.8900925925925925,"_wandb":{"runtime":44},"epoch":10}