{"_runtime":39.6002315,"accuracy":0.10092592592592593,"_wandb":{"runtime":39},"_timestamp":1.7415045418487046e+09,"epoch":5,"loss":2.1177588397781344,"val_loss":2.1181242622430423,"val_accuracy":0.09166666666666666,"_step":4}