{"_step":9,"_runtime":87.1828262,"val_accuracy":0.8256666666666667,"_wandb":{"runtime":87},"accuracy":0.8322592592592593,"_timestamp":1.7415064004315066e+09,"epoch":10,"val_loss":NaN,"loss":NaN}