{"_step":4,"val_loss":0.9938765325399834,"_wandb":{"runtime":57},"_runtime":57.9320538,"_timestamp":1.7415406400115235e+09,"val_accuracy":0.8383333333333334,"loss":0.9013666448691582,"accuracy":0.8472777777777778,"epoch":5}