{"_step":0,"_wandb":{"runtime":111},"val_loss":0.48462051113035853,"_timestamp":1.7414557406948838e+09,"_runtime":110.9883251}