{"epoch":10,"val_accuracy":0.8621666666666666,"loss":0.6607077962155429,"accuracy":0.8701296296296296,"_timestamp":1.7415907490495381e+09,"_wandb":{"runtime":54},"_step":9,"val_loss":0.7215093738586872,"_runtime":54.7762423}