{"val_loss":0.4576539423239021,"_runtime":49.2992046,"loss":0.3872635829239131,"accuracy":0.8914814814814814,"_wandb":{"runtime":49},"val_accuracy":0.8781666666666667,"_timestamp":1.7415901237918158e+09,"_step":9,"epoch":10}