{"_step":9,"_runtime":79.7947617,"accuracy":0.8880740740740741,"loss":0.8192188407611958,"_wandb":{"runtime":79},"epoch":10,"val_accuracy":0.8771666666666667,"val_loss":1.0416886298798806,"_timestamp":1.7415910028906946e+09}