{"_wandb":{"runtime":40},"_step":0,"val_loss":0.8236325357034626,"_timestamp":1.7414543435804482e+09,"_runtime":40.3061064}