{"_runtime":37.7131403,"_timestamp":1.7415434845221283e+09,"epoch":10,"val_loss":2.302671377791887,"_step":9,"val_accuracy":0.09166666666666666,"_wandb":{"runtime":37},"loss":2.3026196332139786,"accuracy":0.10092592592592593}