{"epoch":10,"_timestamp":1.7415824773238332e+09,"accuracy":0.10092592592592593,"val_loss":2.864674148734305,"val_accuracy":0.09166666666666666,"loss":2.8645000196205994,"_wandb":{"runtime":21},"_runtime":21.3913804,"_step":9}