{"val_accuracy":0.1035,"_runtime":159.5376748,"_timestamp":1.741543068848213e+09,"accuracy":0.09961111111111111,"val_loss":2.322348122812082,"epoch":10,"_wandb":{"runtime":159},"loss":2.322964272593812,"_step":9}