{"val_accuracy":0.09833333333333333,"accuracy":0.10018518518518518,"_step":4,"epoch":5,"loss":1.9931779554707663,"_runtime":30.1610115,"_timestamp":1.7415398838870494e+09,"val_loss":1.9932731480845092,"_wandb":{"runtime":30}}