{"epoch":10,"val_accuracy":0.0995,"_runtime":116.9608294,"accuracy":0.10005555555555555,"_timestamp":1.741541280837239e+09,"_wandb":{"runtime":116},"val_loss":2.302755501870405,"_step":9,"loss":2.302610139822204}