{"accuracy":0.721462962962963,"loss":0.8946965706079817,"_wandb":{"runtime":43},"_runtime":43.6595855,"epoch":10,"_timestamp":1.741582197422562e+09,"_step":9,"val_loss":0.9272617318057506,"val_accuracy":0.7038333333333333}