{"_step":0,"_wandb":{"runtime":71},"val_loss":2.302714203536063,"_timestamp":1.7414549960639884e+09,"_runtime":71.1770164}