{"accuracy":0.8333888888888888,"_timestamp":1.7415890175649612e+09,"val_loss":0.7592713987841944,"_step":9,"loss":0.7410604456450101,"_runtime":114.9729459,"epoch":10,"_wandb":{"runtime":114},"val_accuracy":0.8245}