{"_timestamp":1.7415039188960922e+09,"loss":NaN,"_step":4,"val_loss":NaN,"accuracy":0.887462962962963,"val_accuracy":0.8741666666666666,"_runtime":90.7607712,"_wandb":{"runtime":90},"epoch":5}