{"_wandb":{"runtime":31},"_timestamp":1.741342473695633e+09,"_runtime":31.1066527,"_step":0,"val_loss":2.303042817689264}