{"_step":0,"_wandb":{"runtime":32},"val_loss":0.6130897623569413,"_timestamp":1.7414542437736475e+09,"_runtime":32.3889099}