{"epoch":5,"_timestamp":1.74150630028523e+09,"_step":4,"accuracy":0.8375370370370371,"val_loss":NaN,"val_accuracy":0.8303333333333334,"_wandb":{"runtime":23},"loss":NaN,"_runtime":23.8090987}