{"_timestamp":1.7414547525727124e+09,"_runtime":40.0143755,"_wandb":{"runtime":40},"_step":0,"val_loss":0.3825976269932887}