{"_runtime":113.6212508,"_step":9,"epoch":10,"_wandb":{"runtime":113},"val_loss":0.5762084063489663,"val_accuracy":0.877,"_timestamp":1.741588651123955e+09,"loss":0.4387035469404539,"accuracy":0.894}