{"_runtime":42.2246179,"loss":2.3383129832870706,"_timestamp":1.7415077091628332e+09,"_wandb":{"runtime":42},"accuracy":0.10092592592592593,"_step":9,"epoch":10,"val_accuracy":0.09166666666666666,"val_loss":2.3384697021054115}