{"accuracy":0.8717962962962963,"loss":0.48707769365347725,"epoch":10,"_runtime":68.8072881,"val_loss":0.5510717732924889,"_wandb":{"runtime":68},"_timestamp":1.741589959527133e+09,"val_accuracy":0.8583333333333333,"_step":9}