{"_runtime":98.2585132,"_wandb":{"runtime":98},"epoch":10,"val_loss":0.6082169461671957,"val_accuracy":0.8586666666666667,"_timestamp":1.7415875310024662e+09,"_step":9,"loss":0.49480128242621535,"accuracy":0.8743518518518518}