{"_timestamp":1.7415828053623064e+09,"loss":2.3026349165256352,"accuracy":0.10092592592592593,"_runtime":41.0451029,"_step":9,"val_loss":2.3027977396524055,"epoch":10,"_wandb":{"runtime":41},"val_accuracy":0.09166666666666666}