{"val_loss":2.3147686665653957,"_wandb":{"runtime":34},"_timestamp":1.7415112191973667e+09,"loss":2.3146086885233355,"_step":4,"epoch":5,"val_accuracy":0.10316666666666667,"_runtime":34.3176944,"accuracy":0.09964814814814815}