{"_runtime":54.206346,"epoch":10,"_timestamp":1.7415060796755877e+09,"val_accuracy":0.09166666666666666,"accuracy":0.10092592592592593,"_step":9,"_wandb":{"runtime":54},"val_loss":2.2047296635955944,"loss":2.2040879355105982}