{"val_accuracy":0.8556666666666667,"loss":0.7045956131427051,"_wandb":{"runtime":34},"val_loss":0.8108393564378354,"_runtime":34.5305596,"_step":9,"accuracy":0.8675,"epoch":10,"_timestamp":1.741596909254811e+09}