{"accuracy":0.10092592592592593,"_step":9,"val_loss":2.302838159468393,"_runtime":101.9255501,"epoch":10,"loss":2.302586235491429,"_timestamp":1.7415057679889836e+09,"_wandb":{"runtime":101},"val_accuracy":0.09166666666666666}