{"_runtime":40.3056917,"_step":9,"_timestamp":1.7415864437523532e+09,"val_loss":0.4703748204665671,"_wandb":{"runtime":40},"val_accuracy":0.8578333333333333,"accuracy":0.8666296296296296,"loss":0.44537754574583827,"epoch":10}