{"val_loss":0.8743163863600453,"_runtime":35.3248623,"_step":4,"_wandb":{"runtime":35},"val_accuracy":0.8148333333333333,"_timestamp":1.7415822951967592e+09,"loss":0.8946122790559993,"accuracy":0.8220555555555555,"epoch":5}