{"val_accuracy":0.8603333333333333,"_runtime":37.2067507,"accuracy":0.8746666666666667,"_wandb":{"runtime":37},"_timestamp":1.7415891061490588e+09,"_step":9,"loss":0.42089723020971914,"val_loss":0.46158432619923473,"epoch":10}