{"_step":0,"_wandb":{"runtime":57},"val_loss":0.37299576434915305,"_timestamp":1.7414555752830377e+09,"_runtime":57.082347}