{"_step":0,"_wandb":{"runtime":35},"val_loss":0.8392970514919175,"_timestamp":1.741452990015394e+09,"_runtime":35.0765782}